{
  "vehicle_age_years": 0.2422948032617569,
  "engine_cc_normalised": 0.13059435784816742,
  "idv_normalised": 0.1014484092593193,
  "premium_to_idv_ratio": 0.06782560050487518,
  "prior_claims_binary": 0.04067985340952873,
  "prior_claim_severity": 0.0396871492266655,
  "anti_theft": 0.04121312499046326,
  "is_commercial": 0.04303714632987976,
  "is_rideshare": 0.04279497638344765,
  "parking_risk": 0.04078648239374161,
  "ncb_discount": 0.04173756018280983,
  "mileage_risk": 0.04284215718507767,
  "city_tier": 0.04207197204232216,
  "seating_norm": 0.04158082976937294,
  "duration_months_norm": 0.04140547662973404
}